{"accuracy": [0.6303008794784546, 0.8691372275352478, 0.918144941329956, 0.9437655806541443, 0.9571520090103149, 0.9672238230705261, 0.9714204668998718, 0.9776939749717712, 0.9794722199440002, 0.9828579425811768], "loss": [1.2528024911880493, 0.4111628830432892, 0.2512206435203552, 0.1726660430431366, 0.13026297092437744, 0.10128752142190933, 0.0860905647277832, 0.06864188611507416, 0.06296391040086746, 0.05337607115507126], "val_accuracy": [0.8222171664237976, 0.9132142066955566, 0.9313681125640869, 0.9354655146598816, 0.9476439952850342, 0.9579444527626038, 0.9673343896865845, 0.9461643695831299, 0.9565786719322205, 0.9713749289512634], "val_loss": [0.5396358966827393, 0.2673349380493164, 0.21864423155784607, 0.20573683083057404, 0.17198209464550018, 0.1343728005886078, 0.10801012814044952, 0.19202831387519836, 0.14855246245861053, 0.09517461806535721]}